date,time,artist,title,genre,deezer_link
2026-07-29,Live,Ariana Grande,hate that i made you love me,Unknown,https://www.deezer.com/track/4045817471
2026-07-29,08:07,Mariah Carey,Always Be My Baby,Unknown,https://www.deezer.com/track/1012940
2026-07-29,08:03,Huey Lewis and the News,The Power Of Love,Unknown,https://www.deezer.com/track/3116046
2026-07-29,07:58,DeBarge,Rhythm Of The Night,Unknown,https://www.deezer.com/track/75392184
2026-07-29,07:51,Paul Heaton,Sad Songs And Lawsuits,Unknown,https://www.deezer.com/track/4156129652
2026-07-29,07:41,Sonny & Cher,I Got You Babe,Unknown,https://www.deezer.com/track/735788
2026-07-29,07:29,Spandau Ballet,True,Unknown,https://www.deezer.com/track/3130319
2026-07-29,07:21,Pixie Lott,DANCE LIKE NO ONE'S WATCHING,Unknown,https://www.deezer.com/track/4084085341
2026-07-29,07:07,Electric Light Orchestra,Don't Bring Me Down,Unknown,https://www.deezer.com/track/80354238
2026-07-29,06:47,Ed Sheeran,Bad Habits,Unknown,https://www.deezer.com/track/1409072752
2026-07-29,06:32,Rod Stewart,Maggie May,Unknown,https://www.deezer.com/track/538646262
2026-07-29,06:17,Take That,Sweet July,Unknown,https://www.deezer.com/track/4115967611
2026-07-29,06:04,Texas,Summer Son,Unknown,https://www.deezer.com/track/2099312287
2026-07-29,05:56,Jessie Ware,Sauna,Unknown,https://www.deezer.com/track/3952507581
2026-07-29,05:48,Don McLean,Vincent,Unknown,https://www.deezer.com/track/3166507
2026-07-29,05:36,The Beatles,Yesterday,Unknown,https://www.deezer.com/track/116348366
2026-07-29,05:32,Olivia Rodrigo,stupid song,Unknown,https://www.deezer.com/track/4078104881
2026-07-29,05:25,David Bowie,Changes,Unknown,https://www.deezer.com/track/107474516
2026-07-29,05:22,Shania Twain,Quit My Life,Unknown,https://www.deezer.com/track/4167679462
2026-07-29,05:14,CeCe Peniston,Finally,Unknown,https://www.deezer.com/track/712071792
2026-07-29,05:08,U2,Street Of Dreams,Unknown,https://www.deezer.com/track/4124553641
2026-07-29,05:03,Wham!,The Edge Of Heaven,Unknown,https://www.deezer.com/track/14525094
2026-07-29,04:58,Ryan Paris,Dolce Vita,Unknown,https://www.deezer.com/track/914062362
2026-07-29,04:52,Morgan Wallen,Been By Now,Unknown,https://www.deezer.com/track/4167204822
2026-07-29,04:40,Robert Palmer,Addicted To Love,Unknown,https://www.deezer.com/track/2461767
2026-07-29,04:29,Shakira & Burna Boy,Dai Dai,Unknown,https://www.deezer.com/track/4015341011
2026-07-29,04:18,Survivor,Eye Of The Tiger,Unknown,https://www.deezer.com/track/576431
2026-07-29,04:08,The Rolling Stones,Jealous Lover,Unknown,https://www.deezer.com/track/4132758341
2026-07-29,04:03,Queen,A Kind Of Magic,Unknown,https://www.deezer.com/track/716513452
2026-07-29,03:55,P!nk,Don't Let Me Get Me,Unknown,https://www.deezer.com/track/15591766
2026-07-29,03:47,Nik Kershaw,I Won't Let The Sun Go Down On Me,Unknown,https://www.deezer.com/track/1174770
2026-07-29,03:40,The Script,The Crowd Was Singing Wonderwall,Unknown,https://www.deezer.com/track/3994077261
2026-07-29,03:36,Sugababes,Push The Button,Unknown,https://www.deezer.com/track/7457703
2026-07-29,03:31,Justin Timberlake,Can't Stop The Feeling!,Unknown,https://www.deezer.com/track/132635814
2026-07-29,03:24,Stevie Wonder,"Signed, Sealed, Delivered I'm Yours",Unknown,https://www.deezer.com/track/788643242
2026-07-29,03:13,Billy Idol,White Wedding,Unknown,https://www.deezer.com/track/355108531
2026-07-29,03:05,The Cure,Boys Don't Cry,Unknown,https://www.deezer.com/track/409670252
2026-07-29,02:58,Otis Redding,Love Man,Unknown,https://www.deezer.com/track/495824432
2026-07-29,02:51,Harry Styles,Music For A Sushi Restaurant,Unknown,https://www.deezer.com/track/1756569567
2026-07-29,02:43,Luke Combs,Rethink Some Things,Unknown,https://www.deezer.com/track/3899622791
2026-07-29,02:33,Nu Shooz,I Can't Wait,Unknown,https://www.deezer.com/track/4070206351
2026-07-29,02:27,Kaoma,Lambada,Unknown,https://www.deezer.com/track/309174
2026-07-29,02:16,Blue,All Rise,Unknown,https://www.deezer.com/track/3401078
2026-07-29,02:06,Kenny Loggins,Danger Zone,Unknown,https://www.deezer.com/track/7675051
2026-07-29,01:58,Marvin Gaye & Tammi Terrell,Ain't No Mountain High Enough,Unknown,https://www.deezer.com/track/646327092
2026-07-29,01:51,MAGIC!,Rude,Unknown,https://www.deezer.com/track/79845486
2026-07-29,01:45,Lainey Wilson & John Mayer,"Phone, Keys, Wallet",Unknown,https://www.deezer.com/track/4049283551
2026-07-29,01:37,Alison Moyet,Is This Love?,Unknown,https://www.deezer.com/track/4300736
2026-07-29,01:34,The Divine Comedy,National Express,Unknown,https://www.deezer.com/track/3857713
2026-07-29,01:22,Bob Marley & The Wailers,Waiting In Vain,Unknown,https://www.deezer.com/track/530300711
2026-07-29,01:16,Madonna,Danceteria,Unknown,https://www.deezer.com/track/3988410711
2026-07-29,01:09,Lady Gaga,The Edge Of Glory,Unknown,https://www.deezer.com/track/1414907422
2026-07-29,01:06,R.E.M.,The One I Love,Unknown,https://www.deezer.com/track/3154047
2026-07-29,00:56,Ike & Tina Turner,River Deep - Mountain High,Unknown,https://www.deezer.com/track/115704642
2026-07-29,00:53,sombr,Homewrecker,Unknown,https://www.deezer.com/track/3794985752
2026-07-29,00:45,Kaiser Chiefs,Ruby,Unknown,https://www.deezer.com/track/93915710
2026-07-29,00:36,Ed Sheeran,Sapphire,Unknown,https://www.deezer.com/track/3395410481
2026-07-29,00:32,Christina Aguilera,Candyman,Unknown,https://www.deezer.com/track/62417689
2026-07-29,00:22,Cher,Walking in Memphis,Unknown,https://www.deezer.com/track/2939932941
2026-07-29,00:11,Alex Warren,Ordinary,Unknown,https://www.deezer.com/track/3210709941
2026-07-29,00:06,Fine Young Cannibals,Good Thing,Unknown,https://www.deezer.com/track/428850822
2026-07-29,16:53,Sienna Spiro,Great Expectation,Unknown,https://www.deezer.com/track/4115963491
2026-07-29,16:50,Shania Twain,Stranger Things,Unknown,https://www.deezer.com/track/4167679422
2026-07-29,16:46,Roxy Music,Virginia Plain,Unknown,https://www.deezer.com/track/3134800
2026-07-29,16:35,Tina Turner,We Don't Need Another Hero,Unknown,https://www.deezer.com/track/102271990
2026-07-29,16:24,The Lotus Eaters,First Picture Of You,Unknown,https://www.deezer.com/track/7329981
2026-07-29,16:20,Blur,Girls & Boys,Unknown,https://www.deezer.com/track/3102138
2026-07-29,16:12,Pet Shop Boys,It's A Sin,Unknown,https://www.deezer.com/track/1912802487
2026-07-29,15:57,MFSB,Love Is The Message (feat. The Three Degrees),Unknown,https://www.deezer.com/track/13232088
2026-07-29,15:52,The Allergies,Are You Ready?,Unknown,https://www.deezer.com/track/1379922142
2026-07-29,15:48,Jungle,"Someday, Somewhere",Unknown,https://www.deezer.com/track/4129212891
2026-07-29,15:37,SWV,Weak,Unknown,https://www.deezer.com/track/13157903
2026-07-29,15:34,Marvin Gaye & Tammi Terrell,You're All I Need To Get By,Unknown,https://www.deezer.com/track/549282342
2026-07-29,15:30,The Players Association,Turn The Music Up!,Unknown,https://www.deezer.com/track/991345842
2026-07-29,15:25,The Blackbyrds,Rock Creek Park,Unknown,https://www.deezer.com/track/1144102
2026-07-29,15:22,Mark Morrison,Crazy,Unknown,https://www.deezer.com/track/1357258222
2026-07-29,15:19,Joel Corry,I Wish (feat. Mabel),Unknown,https://www.deezer.com/track/1525511102
2026-07-29,15:13,Neneh Cherry,Manchild,Unknown,https://www.deezer.com/track/3324537
2026-07-29,15:06,Artful Dodger,Think About Me (feat. Michelle Escoffery),Unknown,https://www.deezer.com/track/1785913227
2026-07-29,14:57,Commodores,Brick House,Unknown,https://www.deezer.com/track/1141809
2026-07-29,14:52,Brandy,I Wanna Be Down,Unknown,https://www.deezer.com/track/3822647
2026-07-29,14:49,James Emmanuel,Bridge Over The Tears I've Cried,Unknown,https://www.deezer.com/track/4063095841
2026-07-29,14:44,Brass Construction,Movin',Unknown,https://www.deezer.com/track/3404394
2026-07-29,14:40,Mariah Carey,Vision Of Love,Unknown,https://www.deezer.com/track/1055713
2026-07-29,14:34,Grace Jones,My Jamaican Guy,Unknown,https://www.deezer.com/track/1359248592
2026-07-29,14:30,Jordan Rakei,Enemies,Unknown,https://www.deezer.com/track/4140230821
2026-07-29,14:26,Nomad,I Wanna Give You Devotion,Unknown,https://www.deezer.com/track/71038286
2026-07-29,14:20,Chaka Khan,Through the Fire,Unknown,https://www.deezer.com/track/685229
2026-07-29,14:15,Dayton,The Sound Of Music,Unknown,https://www.deezer.com/track/1673340507
2026-07-29,14:12,Rudimental,Lay It All On Me (feat. Ed Sheeran),Unknown,https://www.deezer.com/track/2991610111
2026-07-29,14:07,Gladys Knight & The Pips,Bourgie Bourgie,Unknown,https://www.deezer.com/track/95962068
2026-07-29,14:04,Kool & the Gang,Hollywood Swinging,Unknown,https://www.deezer.com/track/2114460
2026-07-29,13:56,Georgia Ruth,Week of Pines,Unknown,https://www.deezer.com/track/69175507
2026-07-29,13:48,Lau,Dark Secret,Unknown,https://www.deezer.com/track/1698554297
2026-07-29,13:44,Davey Graham,She moved through the fair,Unknown,https://www.deezer.com/track/3024076171
2026-07-29,13:33,The Unthanks,The Bay Of Fundy,Unknown,https://www.deezer.com/track/1922746447
2026-07-29,13:28,Pentangle,Light Flight,Unknown,https://www.deezer.com/track/3786480422
2026-07-29,13:23,Calan,Pa Le Mae 'Nghariad I?,Unknown,https://www.deezer.com/track/1699399347
2026-07-29,13:19,Sam Lee,Bushes And Briars,Unknown,https://www.deezer.com/track/3658592212
2026-07-29,13:14,Kate Rusby,The Fairest Of All Yarrow,Unknown,https://www.deezer.com/track/630001992
2026-07-29,13:08,Jethro Tull,Reasons For Waiting,Unknown,https://www.deezer.com/track/3761171572
2026-07-29,13:04,MWSOG,Chwyldro,Unknown,https://www.deezer.com/track/3619613262
2026-07-29,12:57,Amble,The Swell,Unknown,https://www.deezer.com/track/4084532451
2026-07-29,12:53,Leon Bridges,Beyond,Unknown,https://www.deezer.com/track/492476222
2026-07-29,12:49,Desmond Dekker & The Aces,007 (Shanty Town),Unknown,https://www.deezer.com/track/2872901402
2026-07-29,12:11,Luz,Days End,Unknown,https://www.deezer.com/track/4114180961
2026-07-29,12:04,Billy Joel,New York State Of Mind,Unknown,https://www.deezer.com/track/15438710
2026-07-29,11:57,Alice Auer,Bad Friend,Unknown,https://www.deezer.com/track/4081560581
2026-07-29,11:48,Naughty by Nature,Hip Hop Hooray,Unknown,https://www.deezer.com/track/1584431742
2026-07-29,11:43,Paris Paloma,Pre-Raphaelite,Unknown,https://www.deezer.com/track/4117880761
2026-07-29,11:39,The Fratellis,Whistle for the Choir,Unknown,https://www.deezer.com/track/1760905127
2026-07-29,11:34,Sampa the Great,Final Form,Unknown,https://www.deezer.com/track/680997892
2026-07-29,11:23,The Beat,Tears Of A Clown,Unknown,https://www.deezer.com/track/1787604667
2026-07-29,11:19,The Ting Tings,That's Not My Name,Unknown,https://www.deezer.com/track/901069
2026-07-29,11:14,Elton John,Philadelphia Freedom,Unknown,https://www.deezer.com/track/2230069
2026-07-29,11:10,MGMT,Time To Pretend,Unknown,https://www.deezer.com/track/536481
2026-07-29,11:06,Mabel,Don't Call Me Up,Unknown,https://www.deezer.com/track/616963582
2026-07-29,11:04,Justice,We Are Your Friends,Unknown,https://www.deezer.com/track/2100102627
2026-07-29,10:58,Aretha Franklin,Think,Unknown,https://www.deezer.com/track/904784
2026-07-29,10:55,The Beach Boys,I Get Around,Unknown,https://www.deezer.com/track/3091964
2026-07-29,10:48,Prince,The Most Beautiful Girl in the World,Unknown,https://www.deezer.com/track/536618412
2026-07-29,10:45,The Police,Can't Stand Losing You,Unknown,https://www.deezer.com/track/2525862
2026-07-29,10:41,RAYE,WHERE IS MY HUSBAND!,Unknown,https://www.deezer.com/track/3548216281
2026-07-29,10:31,Craig David,Fill Me In,Unknown,https://www.deezer.com/track/143169092
2026-07-29,10:26,Republica,Ready To Go,Unknown,https://www.deezer.com/track/994557
2026-07-29,10:23,Delta Goodrem,Hologram,Unknown,https://www.deezer.com/track/4099761221
2026-07-29,10:17,Milky,Just The Way You Are,Unknown,https://www.deezer.com/track/1526319022
2026-07-29,10:10,Chris Rea,On The Beach,Unknown,https://www.deezer.com/track/439333522
2026-07-29,10:06,Santana,Smooth (feat. Rob Thomas),Unknown,https://www.deezer.com/track/82241402
2026-07-29,10:04,DJ Fresh,Hot Right Now (feat. Rita Ora),Unknown,https://www.deezer.com/track/144543232
2026-07-29,09:57,Odyssey,Going Back To My Roots,Unknown,https://www.deezer.com/track/424948112
2026-07-29,09:41,Travis,Writing To Reach You,Unknown,https://www.deezer.com/track/657189262
2026-07-29,09:38,The Wonder Stuff,The Size Of A Cow,Unknown,https://www.deezer.com/track/2961093
2026-07-29,09:29,Amii Stewart,Knock On Wood,Unknown,https://www.deezer.com/track/10370275
2026-07-29,09:27,KATSEYE,ANIMAL,Unknown,https://www.deezer.com/track/4159582602
2026-07-29,09:19,Nik Kershaw,Wouldn't It Be Good,Unknown,https://www.deezer.com/track/1174769
2026-07-29,09:11,Daryl Hall & John Oates,Private Eyes,Unknown,https://www.deezer.com/track/13165885
2026-07-29,09:05,David Guetta,When Love Takes Over (feat. Kelly Rowland),Unknown,https://www.deezer.com/track/2531104141
2026-07-29,08:56,P!nk,Just Give Me A Reason (feat. Nate Ruess),Unknown,https://www.deezer.com/track/60200391
2026-07-29,08:46,Snap!,The Power,Unknown,https://www.deezer.com/track/3802703102
2026-07-29,08:35,Paul Simon,Graceland,Unknown,https://www.deezer.com/track/32140151
2026-07-29,08:27,Sonique,Sky,Unknown,https://www.deezer.com/track/3439838241
2026-07-29,08:12,Moony,Dove (I'll Be Loving You),Unknown,https://www.deezer.com/track/509076712
2026-07-29,08:08,Simple Minds,Promised You A Miracle,Unknown,https://www.deezer.com/track/129310858
2026-07-29,08:04,Keane,Everybody's Changing,Unknown,https://www.deezer.com/track/71967076
2026-07-29,07:56,Annie Lennox,Little Bird,Unknown,https://www.deezer.com/track/2889771
2026-07-29,07:47,The Human League,Don't You Want Me,Unknown,https://www.deezer.com/track/3092940
2026-07-29,07:44,Blossoms,Meet Me In Love,Unknown,https://www.deezer.com/track/4057500821
2026-07-29,07:37,Michael Jackson,Man In The Mirror,Unknown,https://www.deezer.com/track/4603411
2026-07-29,07:33,Air,Kelly Watch The Stars,Unknown,https://www.deezer.com/track/41296711
2026-07-29,07:30,The Brand New Heavies,Never Stop,Unknown,https://www.deezer.com/track/91885722
2026-07-29,07:24,Mike the Mechanics,Over My Shoulder,Unknown,https://www.deezer.com/track/89591963
2026-07-29,07:13,Matthews’ Southern Comfort,Woodstock,Unknown,https://www.deezer.com/track/122973866
2026-07-29,07:05,Dina Carroll,Ain't No Man,Unknown,https://www.deezer.com/track/2499240
2026-07-29,07:03,Harry Styles,As It Was,Unknown,https://www.deezer.com/track/1703487577
2026-07-29,06:57,The Supremes,You Keep Me Hangin' On,Unknown,https://www.deezer.com/track/78932931
2026-07-29,06:53,Teddy Swims,Break Up In Reverse,Unknown,https://www.deezer.com/track/4109400781
2026-07-29,06:50,Sophie B. Hawkins,Right Beside You,Unknown,https://www.deezer.com/track/608555
2026-07-29,06:43,Gloria Estefan & Miami Sound Machine,1-2-3,Unknown,https://www.deezer.com/track/15636649
2026-07-29,06:35,Electronic,Getting Away With It...,Unknown,https://www.deezer.com/track/14618328
2026-07-29,06:31,Bobby Thurston,Check Out The Groove,Unknown,https://www.deezer.com/track/69008862
2026-07-29,06:27,Snow Patrol & Kylie Minogue,These Alarms,Unknown,https://www.deezer.com/track/4109799741
2026-07-29,06:17,Hot Chocolate,Every 1's a Winner,Unknown,https://www.deezer.com/track/3851832
2026-07-30,Live,New Radicals,Get What You Give,Unknown,https://www.deezer.com/track/2441438
2026-07-30,18:44,WALK THE MOON,Shut Up And Dance,Unknown,https://www.deezer.com/track/90326361
2026-07-30,18:32,David Bowie,China Girl,Unknown,https://www.deezer.com/track/565655092
2026-07-30,18:20,Spice Girls,Stop,Unknown,https://www.deezer.com/track/3134156
2026-07-30,18:18,Sigrid,Don't Feel Like Crying,Unknown,https://www.deezer.com/track/616990162
2026-07-30,18:12,Anastacia,I'm Outta Love,Unknown,https://www.deezer.com/track/574984
2026-07-30,18:03,The Cure,In Between Days,Unknown,https://www.deezer.com/track/409670302
2026-07-30,17:56,Stevie Wonder,He's Misstra Know-It-All,Unknown,https://www.deezer.com/track/2319301
2026-07-30,17:51,TLC,Red Light Special,Unknown,https://www.deezer.com/track/1043890
2026-07-30,17:26,Isabelle Mettle,Good in Me,Unknown,https://www.deezer.com/track/4039115281
2026-07-30,17:18,Sia & Wookie,Little Man,Unknown,https://www.deezer.com/track/76557519
2026-07-30,17:14,Flight Facilities & Giselle,Crave You,Unknown,https://www.deezer.com/track/7546498
2026-07-30,16:56,Babyface,"This Is for the Lover In You (feat. LL Cool J, Howard Hewett, Jody Watley & Jeffrey Daniels, LL Cool J, Howard Hewett, Jody Watley & Jeffrey Daniels)",Unknown,https://www.deezer.com/track/608896
2026-07-30,16:52,"Earth, Wind & Fire",Love Music,Unknown,https://www.deezer.com/track/650364512
2026-07-30,16:37,Inner Circle,Bad Boys,Unknown,https://www.deezer.com/track/2557399732
2026-07-30,16:32,Krush,House Arrest,Unknown,https://www.deezer.com/track/2600287082
2026-07-30,16:28,anaiis,Sunshine,Unknown,https://www.deezer.com/track/4078982021
2026-07-30,16:24,Idris Muhammad,Could Heaven Ever Be Like This,Unknown,https://www.deezer.com/track/138124931
2026-07-30,16:20,Michael Kiwanuka & Tom Misch,Money,Unknown,https://www.deezer.com/track/695955652
2026-07-30,16:10,DeBarge,I Like It,Unknown,https://www.deezer.com/track/99637490
2026-07-30,16:07,The Rascals,Groovin',Unknown,https://www.deezer.com/track/81769154
2026-07-30,16:04,Van McCoy,The Hustle,Unknown,https://www.deezer.com/track/1622544002
2026-07-30,15:57,Midland,Drinkin' Problem - Country Night Remix,Unknown,https://www.deezer.com/track/4159282202
2026-07-30,15:40,Charles Wesley Godwin,Hallelujah High,Unknown,https://www.deezer.com/track/4159311252
2026-07-30,15:37,Orville Peck,"Too Little, Too Late",Unknown,https://www.deezer.com/track/4130116841
2026-07-30,15:33,The Washboard Union,Country Thunder,Unknown,https://www.deezer.com/track/936978582
2026-07-30,15:30,Kassi Ashton,Bratmobile,Unknown,https://www.deezer.com/track/4129872391
2026-07-30,15:25,Raul Malo,Angel Flying Too Close To The Ground,Unknown,https://www.deezer.com/track/4083779961
2026-07-30,15:22,American Aquarium,Dollar General,Unknown,https://www.deezer.com/track/3984234621
2026-07-30,15:21,Ty Myers,"Run, Run, Run",Unknown,https://www.deezer.com/track/3917266901
2026-07-30,15:15,The Castellows,Love Is A Game,Unknown,https://www.deezer.com/track/3795078582
2026-07-30,15:08,Luke Combs,Ain't No Love In Oklahoma,Unknown,https://www.deezer.com/track/2786135332
2026-07-30,15:06,Dwight Yoakam,Crazy Little Thing Called Love,Unknown,https://www.deezer.com/track/672054
2026-07-30,15:03,James Johnston,Do You Play Any Country?,Unknown,https://www.deezer.com/track/3902888611
2026-07-30,14:43,Jimmy Cliff,Many Rivers To Cross,Unknown,https://www.deezer.com/track/1106498992
2026-07-30,14:39,Dragonflies,Slower,Unknown,https://www.deezer.com/track/4154733572
2026-07-30,14:37,Bobby Womack,Fly Me To The Moon (In Other Words),Unknown,https://www.deezer.com/track/3403707
2026-07-30,14:27,Oleta Adams,Get Here,Unknown,https://www.deezer.com/track/1761530527
2026-07-30,14:17,Leon Bridges,Light The Way,Unknown,https://www.deezer.com/track/4151515662
2026-07-30,14:10,Johnnie Taylor,Disco Lady,Unknown,https://www.deezer.com/track/848922
2026-07-30,14:04,Eric B. & Rakim,Paid In Full,Unknown,https://www.deezer.com/track/2508443
2026-07-30,13:57,Nia Archives,There Goes Ma Head,Unknown,https://www.deezer.com/track/4144817502
2026-07-30,13:53,Matt Berninger,Martini Me Fatso,Unknown,https://www.deezer.com/track/4144923102
2026-07-30,13:49,Fatback,I Found Lovin',Unknown,https://www.deezer.com/track/1734099927
2026-07-30,13:41,Billie Eilish,What Was I Made For?,Unknown,https://www.deezer.com/track/2366043655
2026-07-30,13:39,Leon Bridges,Better Man,Unknown,https://www.deezer.com/track/118584994
2026-07-30,13:38,Leon Bridges,Coming Home,Unknown,https://www.deezer.com/track/118584992
2026-07-30,13:34,Air,S**y Boy,Unknown,https://www.deezer.com/track/3729334112
2026-07-30,13:30,Little Dog Star,Radio Show,Unknown,https://www.deezer.com/track/4098250881
2026-07-30,13:27,Ramones,Blitzkrieg Bop,Unknown,https://www.deezer.com/track/131744724
2026-07-30,13:24,Fun Lovin’ Criminals,Scooby Snacks,Unknown,https://www.deezer.com/track/1787679027
2026-07-30,13:21,Orange Juice,I Can't Help Myself,Unknown,https://www.deezer.com/track/1861023857
2026-07-30,13:18,Jean Carne,Was That All It Was,Unknown,https://www.deezer.com/track/67651019
2026-07-30,13:14,EMF,Unbelievable,Unknown,https://www.deezer.com/track/367782641
2026-07-30,13:14,Rednex,Cotton Eye Joe,Unknown,https://www.deezer.com/track/674051382
2026-07-30,13:10,Ian Dury & the Blockheads,Hit Me With Your Rhythm Stick,Unknown,https://www.deezer.com/track/3223178421
2026-07-30,13:04,The Streets,Has It Come To This?,Unknown,https://www.deezer.com/track/6112946
2026-07-30,12:55,Sugababes,Overload,Unknown,https://www.deezer.com/track/437462422
2026-07-30,12:51,sombr,My Body Isn't Ready,Unknown,https://www.deezer.com/track/4092422631
2026-07-30,12:39,Portugal. The Man,Feel It Still,Unknown,https://www.deezer.com/track/371593461
2026-07-30,12:27,Charles & Eddie,Would I Lie To You?,Unknown,https://www.deezer.com/track/1806786907
2026-07-30,12:21,Samantha Mumba,Gotta Tell You,Unknown,https://www.deezer.com/track/2303104
2026-07-30,12:07,East Side Beat,Ride Like The Wind,Unknown,https://www.deezer.com/track/61245735
2026-07-30,12:04,Calvin Harris & Dua Lipa,One Kiss,Unknown,https://www.deezer.com/track/482990352
2026-07-30,11:58,Desmond Dekker,You Can Get It If You Really Want,Unknown,https://www.deezer.com/track/3786050212
2026-07-30,11:54,Benson Boone,Beautiful Things,Unknown,https://www.deezer.com/track/2704682202
2026-07-30,11:40,Blondie,Atomic,Unknown,https://www.deezer.com/track/3151381
2026-07-30,11:36,Jess Glynne,Hold My Hand,Unknown,https://www.deezer.com/track/95973024
2026-07-30,11:20,Pet Shop Boys,Heart,Unknown,https://www.deezer.com/track/1912802507
2026-07-30,11:12,Maroon 5,This Love,Unknown,https://www.deezer.com/track/1165301
2026-07-30,11:05,Sylvester,You Make Me Feel (Mighty Real),Unknown,https://www.deezer.com/track/891619
2026-07-30,10:57,Cher,The Shoop Shoop Song (It's in His Kiss),Unknown,https://www.deezer.com/track/540169472
2026-07-30,10:54,Harry Styles,American Girls,Unknown,https://www.deezer.com/track/3881984641
2026-07-30,10:49,Lionel Richie,My Destiny,Unknown,https://www.deezer.com/track/917953
2026-07-30,10:46,Ace of Base,The Sign,Unknown,https://www.deezer.com/track/93851026
2026-07-30,10:42,Cast,Calling Out Your Name,Unknown,https://www.deezer.com/track/3574381861
2026-07-30,10:37,Eurythmics,I Saved The World Today,Unknown,https://www.deezer.com/track/561826
2026-07-30,10:28,Spice Girls,Say You'll Be There,Unknown,https://www.deezer.com/track/3133739
2026-07-30,10:24,Gotye,Somebody That I Used To Know (feat. Kimbra),Unknown,https://www.deezer.com/track/1440103372
2026-07-30,10:12,Whitney Houston,Million Dollar Bill,Unknown,https://www.deezer.com/track/764492392
2026-07-30,10:08,Starship,We Built This City,Unknown,https://www.deezer.com/track/602137972
2026-07-30,10:05,Madison Avenue,Don't Call Me Baby (Motez Vicious21 Remix),Unknown,https://www.deezer.com/track/4107194741
2026-07-30,09:57,The Staple Singers,I'll Take You There,Unknown,https://www.deezer.com/track/1178099
2026-07-30,09:52,Paula Abdul,Straight Up,Unknown,https://www.deezer.com/track/3109328
2026-07-30,09:49,Grace Carter,Bittersweet Escape,Unknown,https://www.deezer.com/track/4089814271
2026-07-30,09:44,Europe,The Final Countdown,Unknown,https://www.deezer.com/track/858371
2026-07-30,09:36,Boney M.,Hooray! Hooray! It's A Holi-Holiday,Unknown,https://www.deezer.com/track/96061246
2026-07-30,09:30,C.J. Lewis,Sweets For My Sweet,Unknown,https://www.deezer.com/track/2456337235
2026-07-30,09:24,David Guetta,Titanium (feat. Sia),Unknown,https://www.deezer.com/track/62847142
2026-07-30,09:14,Las Ketchup,Aserejé (The Ketchup Song),Unknown,https://www.deezer.com/track/476739462
2026-07-30,09:07,Brownstone,If You Love Me,Unknown,https://www.deezer.com/track/2464784
2026-07-30,09:03,OutKast,Hey Ya!,Unknown,https://www.deezer.com/track/628266
2026-07-30,08:49,Gabrielle,Rise,Unknown,https://www.deezer.com/track/1046387372
2026-07-30,08:41,The Police,Every Little Thing She Does Is Magic,Unknown,https://www.deezer.com/track/2525869
2026-07-30,08:35,Faith Hill,This Kiss,Unknown,https://www.deezer.com/track/2680838
2026-07-30,08:07,Katy Perry,Roar,Unknown,https://www.deezer.com/track/71645431
2026-07-30,08:03,Incognito,Don't You Worry 'Bout A Thing,Unknown,https://www.deezer.com/track/2135671067
2026-07-30,07:32,New Order,True Faith '94,Unknown,https://www.deezer.com/track/705993
2026-07-30,07:09,Lonnie Donegan,World Cup Willie,Unknown,https://www.deezer.com/track/3803522052
2026-07-30,07:05,Sugababes,Round Round,Unknown,https://www.deezer.com/track/1104527
2026-07-30,06:57,Jocelyn Brown,Somebody Else's Guy,Unknown,https://www.deezer.com/track/67882784
2026-07-30,06:54,Peter Sarstedt,Frozen Orange Juice,Unknown,https://www.deezer.com/track/124062372
2026-07-30,06:43,George Michael,Outside,Unknown,https://www.deezer.com/track/15626274
2026-07-30,06:29,The Beatles,We Can Work It Out,Unknown,https://www.deezer.com/track/116348616
2026-07-30,06:04,David Bowie,Modern Love,Unknown,https://www.deezer.com/track/730342582
2026-07-30,05:56,Rose Royce,Car Wash,Unknown,https://www.deezer.com/track/549302352
2026-07-30,05:21,Lionel Richie,All Night Long (All Night),Unknown,https://www.deezer.com/track/917931
2026-07-30,05:11,Shania Twain,New Love,Unknown,https://www.deezer.com/track/4167679552
2026-07-30,05:03,Anita Ward,Ring My Bell,Unknown,https://www.deezer.com/track/404691712
2026-07-30,04:56,Daryl Hall & John Oates,Kiss On My List,Unknown,https://www.deezer.com/track/545936
2026-07-30,04:38,Blondie,The Tide Is High,Unknown,https://www.deezer.com/track/3167194
2026-07-30,04:28,Otis Redding,I Can't Turn You Loose,Unknown,https://www.deezer.com/track/134520364
2026-07-30,04:17,Madness,Our House,Unknown,https://www.deezer.com/track/130399608
2026-07-30,04:05,R.E.M.,The Sidewinder Sleeps Tonite,Unknown,https://www.deezer.com/track/121921370
2026-07-30,03:56,Bellini,Samba De Janeiro,Unknown,https://www.deezer.com/track/1822997377
2026-07-30,03:41,Elton John & Dua Lipa,Cold Heart,Unknown,https://www.deezer.com/track/1457025872
2026-07-30,03:34,The Mock Turtles,Can You Dig It?,Unknown,https://www.deezer.com/track/3247199
2026-07-30,03:30,Genesis,Invisible Touch,Unknown,https://www.deezer.com/track/14637100
2026-07-30,03:23,The Temptations,Ain't Too Proud To Beg,Unknown,https://www.deezer.com/track/598080652
2026-07-30,03:12,T. Rex,Get It On,Unknown,https://www.deezer.com/track/14619142
2026-07-30,03:04,Billy Ocean,Caribbean Queen (No More Love on the Run),Unknown,https://www.deezer.com/track/6071037
2026-07-30,02:56,Sabrina Carpenter,Please Please Please,Unknown,https://www.deezer.com/track/2831602002
2026-07-30,02:46,Teddy Swims,Lose Control,Unknown,https://www.deezer.com/track/2319265555
2026-07-30,02:20,Crazy Frog,Axel F,Unknown,https://www.deezer.com/track/387670601
2026-07-30,02:16,Nelly Furtado,I'm Like A Bird,Unknown,https://www.deezer.com/track/24165101
2026-07-30,02:10,Ella Langley,Choosin' Texas,Unknown,https://www.deezer.com/track/3602074142
2026-07-30,01:55,Martin Garrix & U2,Fireflies,Unknown,https://www.deezer.com/track/4142452541
2026-07-30,01:50,Lily Allen,Smile,Unknown,https://www.deezer.com/track/3153912
2026-07-30,01:37,Queen,Crazy Little Thing Called Love,Unknown,https://www.deezer.com/track/568115912
2026-07-30,01:34,Daniel Bedingfield,Gotta Get Thru This,Unknown,https://www.deezer.com/track/60722574
2026-07-30,01:29,The Foundations,Build Me Up Buttercup,Unknown,https://www.deezer.com/track/3813135572
2026-07-30,01:23,Moby,Porcelain,Unknown,https://www.deezer.com/track/1857696727
2026-07-30,01:10,Clean Bandit,Symphony (feat. Zara Larsson),Unknown,https://www.deezer.com/track/144393668
2026-07-30,00:58,The Supremes,Where Did Our Love Go,Unknown,https://www.deezer.com/track/1182507
2026-07-30,00:50,P!nk,Never Gonna Not Dance Again,Unknown,https://www.deezer.com/track/1992816487
2026-07-30,00:36,ABBA,Lay All Your Love On Me,Unknown,https://www.deezer.com/track/76376863
2026-07-30,00:32,The Farm,Groovy Train,Unknown,https://www.deezer.com/track/85530032
2026-07-30,00:27,George Ezra,Green Green Grass,Unknown,https://www.deezer.com/track/1692393067
2026-07-30,00:22,Dodgy,Good Enough,Unknown,https://www.deezer.com/track/1582160
2026-07-30,00:15,The Beach Boys,Kokomo,Unknown,https://www.deezer.com/track/3091987
2026-07-30,00:11,Olivia Dean,So Easy (To Fall In Love),Unknown,https://www.deezer.com/track/3562948071
2026-07-30,00:06,Steve Winwood,Valerie,Unknown,https://www.deezer.com/track/750753752
2026-07-31,19:46,Bow Wow,Like You (feat. Ciara),Unknown,https://www.deezer.com/track/571541
2026-07-31,19:44,Eve,Tambourine,Unknown,https://www.deezer.com/track/1100016
2026-07-31,19:38,Eve,Love Is Blind,Unknown,https://www.deezer.com/track/126871139
2026-07-31,19:34,Queen Latifah,U.N.I.T.Y.,Unknown,https://www.deezer.com/track/7420828
2026-07-31,19:29,Dave & Central Cee,Sprinter,Unknown,https://www.deezer.com/track/3553677361
2026-07-31,19:23,Trick Daddy,I'm A Thug,Unknown,https://www.deezer.com/track/3907007
2026-07-31,19:14,Nines,Daily Duppy,Unknown,https://www.deezer.com/track/2444097295
2026-07-31,19:07,Warren G,I Shot The Sheriff,Unknown,https://www.deezer.com/track/1761431247
2026-07-31,18:55,The Police,Message In A Bottle,Unknown,https://www.deezer.com/track/2525861
2026-07-31,18:51,The Hives,Hate To Say I Told You So,Unknown,https://www.deezer.com/track/80717786
2026-07-31,18:46,Westside Cowboy,Kick Stones (The Boys),Unknown,https://www.deezer.com/track/4019806861
2026-07-31,18:41,The Rolling Stones,Gimme Shelter,Unknown,https://www.deezer.com/track/9914834
2026-07-31,18:36,Slipknot,Duality,Unknown,https://www.deezer.com/track/3819908
2026-07-31,18:32,AC/DC,Highway To Hell,Unknown,https://www.deezer.com/track/92719900
2026-07-31,18:27,L7,Pretend We're Dead,Unknown,https://www.deezer.com/track/5195706
2026-07-31,18:23,Nothing But Thieves,Itch,Unknown,https://www.deezer.com/track/109704458
2026-07-31,18:13,The Clash,Rock The Casbah,Unknown,https://www.deezer.com/track/69962765
2026-07-31,18:08,Foo Fighters,Everlong,Unknown,https://www.deezer.com/track/4762041
2026-07-31,18:04,The Undertones,Teenage Kicks,Unknown,https://www.deezer.com/track/3782976352
2026-07-31,17:56,A Taste of Honey,Boogie Oogie Oogie,Unknown,https://www.deezer.com/track/3366649
2026-07-31,17:52,Alesha Dixon,The Boy Does Nothing,Unknown,https://www.deezer.com/track/6918037
2026-07-31,17:49,Inaya Day,Nasty Girl,Unknown,https://www.deezer.com/track/3582606621
2026-07-31,17:44,Aretha Franklin,A Deeper Love (C C Music Factory Mix),Unknown,https://www.deezer.com/track/2205330
2026-07-31,17:38,Wamdue Project,King Of My Castle (Roy Malone's King Mix),Unknown,https://www.deezer.com/track/3786234122
2026-07-31,17:34,Cher,If I Could Turn Back Time,Unknown,https://www.deezer.com/track/2307289
2026-07-31,17:30,Starship,Nothing's Gonna Stop Us Now,Unknown,https://www.deezer.com/track/602137932
2026-07-31,17:26,Fleetwood Mac,Everywhere,Unknown,https://www.deezer.com/track/664444
2026-07-31,17:17,Janelle Monáe,Make Me Feel,Unknown,https://www.deezer.com/track/464228502
2026-07-31,17:13,Destiny’s Child,Lose My Breath,Unknown,https://www.deezer.com/track/15376488
2026-07-31,17:10,Electric Six,Danger! High Voltage!,Unknown,https://www.deezer.com/track/950472
2026-07-31,17:07,The Buggles,Video Killed The Radio Star,Unknown,https://www.deezer.com/track/4255660
2026-07-31,17:03,Transvision Vamp,Baby I Don't Care,Unknown,https://www.deezer.com/track/2179183
2026-07-31,16:53,Charli xcx,Von dutch,Unknown,https://www.deezer.com/track/2833834822
2026-07-31,16:50,Bobby Brown,Two Can Play That Game,Unknown,https://www.deezer.com/track/1167710
2026-07-31,16:46,Kelis,Caught Out There,Unknown,https://www.deezer.com/track/2504455401
2026-07-31,16:43,Gnarls Barkley,Crazy,Unknown,https://www.deezer.com/track/2752209141
2026-07-31,16:39,Sam Sparro,Black & Gold,Unknown,https://www.deezer.com/track/885918
2026-07-31,16:35,Spandau Ballet,Gold,Unknown,https://www.deezer.com/track/3130318
2026-07-31,16:31,Rihanna,Diamonds,Unknown,https://www.deezer.com/track/60978718
2026-07-31,16:28,Freda Payne,Band Of Gold,Unknown,https://www.deezer.com/track/12164291
2026-07-31,16:25,Johnny Cash,Ring Of Fire,Unknown,https://www.deezer.com/track/856630
2026-07-31,16:22,Beyoncé,Single Ladies (Put A Ring On It),Unknown,https://www.deezer.com/track/2485118
2026-07-31,16:18,Busted,Year 3000,Unknown,https://www.deezer.com/track/24347371
2026-07-31,16:15,The Saturdays,Just Can't Get Enough,Unknown,https://www.deezer.com/track/2925366
2026-07-31,16:11,Cornershop,Brimful of Asha (Norman Cook Remix),Unknown,https://www.deezer.com/track/15686804
2026-07-31,16:07,Eiffel 65,Blue (Da Ba Dee),Unknown,https://www.deezer.com/track/89629797
2026-07-31,15:49,Boney M.,Sunny,Unknown,https://www.deezer.com/track/364953
2026-07-31,15:45,Dario G,Sunchyme,Unknown,https://www.deezer.com/track/1787703427
2026-07-31,15:42,David Guetta,Lovers On The Sun (feat. Sam Martin),Unknown,https://www.deezer.com/track/80198286
2026-07-31,15:31,Katrina and the Waves,Walking On Sunshine,Unknown,https://www.deezer.com/track/3166724
2026-07-31,15:26,Patrick Cowley & Sylvester,Menergy,Unknown,https://www.deezer.com/track/1416802942
2026-07-31,15:12,Laura Branigan,Gloria,Unknown,https://www.deezer.com/track/675801
2026-07-31,15:08,FELIX,Don't You Want Me,Unknown,https://www.deezer.com/track/2856718742
2026-07-31,14:57,Camila Cabello,Don't Go Yet,Unknown,https://www.deezer.com/track/1438790502
2026-07-31,14:53,Oceanic,Insanity,Unknown,https://www.deezer.com/track/1696118227
2026-07-31,14:50,Pebbles,Girlfriend,Unknown,https://www.deezer.com/track/1761655507
2026-07-31,14:46,Cheryl,Promise This,Unknown,https://www.deezer.com/track/7562714
2026-07-31,14:37,Donna Summer,I Feel Love,Unknown,https://www.deezer.com/track/1560033
2026-07-31,14:34,Emeli Sandé,Heaven,Unknown,https://www.deezer.com/track/549557442
2026-07-31,14:27,Irene Cara,Flashdance... What a Feeling,Unknown,https://www.deezer.com/track/1468795122
2026-07-31,14:24,Cathy Dennis,"Everybody Move (7"" )",Unknown,https://www.deezer.com/track/1265066562
2026-07-31,14:19,Michael Gray,The Weekend,Unknown,https://www.deezer.com/track/78304463
2026-07-31,14:16,Madonna,Material Girl,Unknown,https://www.deezer.com/track/723861
2026-07-31,14:11,Kelly Rowland,Work,Unknown,https://www.deezer.com/track/82422450
2026-07-31,14:08,Dua Lipa,Don't Start Now,Unknown,https://www.deezer.com/track/793163542
2026-07-31,13:54,Bruce Springsteen,Dancing In The Dark,Unknown,https://www.deezer.com/track/15586246
2026-07-31,13:49,Florence the Machine,You've Got The Love,Unknown,https://www.deezer.com/track/7561784
2026-07-31,13:39,Shakira,Waka Waka (This Time For Africa) (feat. Freshlyground),Unknown,https://www.deezer.com/track/6121149
2026-07-31,13:36,Sheryl Crow,Soak Up The Sun,Unknown,https://www.deezer.com/track/104621808
2026-07-31,13:30,Vengaboys,We're Going To Ibiza!,Unknown,https://www.deezer.com/track/1802256287
2026-07-31,13:26,The Weeknd,Blinding Lights,Unknown,https://www.deezer.com/track/908604612
2026-07-31,13:21,Mark Morrison,Return Of The Mack,Unknown,https://www.deezer.com/track/703748
2026-07-31,13:14,Village People,YMCA,Unknown,https://www.deezer.com/track/436646702
2026-07-31,13:10,Pharrell Williams,Happy,Unknown,https://www.deezer.com/track/701326562
2026-07-31,13:04,"Earth, Wind & Fire",September,Unknown,https://www.deezer.com/track/487484142
2026-07-31,12:54,Delta Goodrem,Eclipse,Unknown,https://www.deezer.com/track/3994592931
2026-07-31,12:47,Bonnie Tyler,Total Eclipse Of The Heart,Unknown,https://www.deezer.com/track/5404547
2026-07-31,12:43,Olivia Dean,Man I Need,Unknown,https://www.deezer.com/track/3503857201
2026-07-31,12:30,The Spencer Davis Group,Keep On Running,Unknown,https://www.deezer.com/track/41299171
2026-07-31,12:24,Zara Larsson,Lush Life,Unknown,https://www.deezer.com/track/144389048
2026-07-31,12:11,The Kooks,She Moves In Her Own Way,Unknown,https://www.deezer.com/track/1470196312
2026-07-31,12:06,Bon Jovi,Livin' On A Prayer,Unknown,https://www.deezer.com/track/538660022
2026-07-31,11:56,Kajagoogoo,Too Shy,Unknown,https://www.deezer.com/track/3357587
2026-07-31,11:53,Donna Lewis,I Love You Always Forever,Unknown,https://www.deezer.com/track/846048
2026-07-31,11:45,Oasis,Don't Look Back In Anger,Unknown,https://www.deezer.com/track/985722002
2026-07-31,11:40,The Clash,Should I Stay Or Should I Go,Unknown,https://www.deezer.com/track/69962764
2026-07-31,11:34,Natalie Imbruglia,Torn,Unknown,https://www.deezer.com/track/992131
2026-07-31,11:28,McFly,Star Girl,Unknown,https://www.deezer.com/track/3130630981
2026-07-31,11:16,ABBA,Thank You For The Music,Unknown,https://www.deezer.com/track/76376888
2026-07-31,11:05,Chappell Roan,HOT TO GO!,Unknown,https://www.deezer.com/track/2454854795
2026-07-31,10:57,B.T. Express,Do It ('Til You're Satisfied),Unknown,https://www.deezer.com/track/131074702
2026-07-31,10:55,Shakedown,At Night,Unknown,https://www.deezer.com/track/3155415691
2026-07-31,10:47,James Brown,I Got You (I Feel Good),Unknown,https://www.deezer.com/track/598055772
2026-07-31,10:43,The Pussycat Dolls,Buttons (feat. Snoop Dogg),Unknown,https://www.deezer.com/track/1761419087
2026-07-31,10:39,Lyn Collins,Think (About It),Unknown,https://www.deezer.com/track/131742244
2026-07-31,10:34,Carl Carlton,"She's A Bad Mama Jama (She's Built, She's Stacked)",Unknown,https://www.deezer.com/track/8104841
2026-07-31,10:31,The Temptations,Treat Her Like A Lady,Unknown,https://www.deezer.com/track/80860010
2026-07-31,10:17,Sherbet,Howzat,Unknown,https://www.deezer.com/track/1880037867
2026-07-31,10:06,Jamiroquai,Cosmic Girl,Unknown,https://www.deezer.com/track/747399482
2026-07-31,10:03,Duran Duran,Hungry Like The Wolf,Unknown,https://www.deezer.com/track/3130433
2026-07-31,09:56,Bob Marley & The Wailers,Jamming,Unknown,https://www.deezer.com/track/530300751
2026-07-31,09:49,Room 5,Make Luv (feat. Oliver Cheatham),Unknown,https://www.deezer.com/track/82734640
2026-07-31,09:43,Everything but the Girl,Missing (Todd Terry Remix),Unknown,https://www.deezer.com/track/3895025061
2026-07-31,09:37,Mark Ronson,Valerie (feat. Amy Winehouse),Unknown,https://www.deezer.com/track/7923756
2026-07-31,09:34,Jeffrey Osborne,Don't You Get So Mad,Unknown,https://www.deezer.com/track/602440532
2026-07-31,09:27,Wham!,Everything She Wants,Unknown,https://www.deezer.com/track/15189062
2026-07-31,09:07,Electric Light Orchestra,Mr. Blue Sky,Unknown,https://www.deezer.com/track/112662184
2026-07-31,09:04,Baby D,Let Me Be Your Fantasy,Unknown,https://www.deezer.com/track/494371812
2026-07-31,08:56,UB40,Kingston Town,Unknown,https://www.deezer.com/track/3167612
2026-07-31,08:35,Mink DeVille,Spanish Stroll,Unknown,https://www.deezer.com/track/3332396
2026-07-31,08:18,ABBA,Summer Night City,Unknown,https://www.deezer.com/track/2545086
2026-07-31,08:06,Mary Mary,Shackles (Praise You),Unknown,https://www.deezer.com/track/626167
2026-07-31,07:44,Eagles,"Hotel California (Live On MTV, 1994)",Unknown,https://www.deezer.com/track/642692332
2026-07-31,07:04,Stevie Wonder,Part-Time Lover,Unknown,https://www.deezer.com/track/24967291
2026-07-31,06:53,Bob Dylan,The Times They Are A-Changin',Unknown,https://www.deezer.com/track/15398875
2026-07-31,06:42,The Police,Every Breath You Take,Unknown,https://www.deezer.com/track/2525864
2026-07-31,06:30,Shania Twain,Dirty Rosie,Unknown,https://www.deezer.com/track/4167679452
2026-07-31,06:19,ABC,When Smokey Sings,Unknown,https://www.deezer.com/track/1174011
2026-07-31,05:55,Ed Sheeran,Sing,Unknown,https://www.deezer.com/track/79875048
2026-07-31,05:36,Diana Ross,Chain Reaction,Unknown,https://www.deezer.com/track/15708273
2026-07-31,05:25,DJ Jazzy Jeff & the Fresh Prince,Summertime,Unknown,https://www.deezer.com/track/831351
2026-07-31,05:03,Cher,Believe,Unknown,https://www.deezer.com/track/786717
2026-07-31,04:49,Oasis,Whatever,Unknown,https://www.deezer.com/track/985704102
2026-07-31,04:35,Calvin Harris,Ready For The Weekend,Unknown,https://www.deezer.com/track/13131858
2026-07-31,04:32,The Jacksons,Shake Your Body (Down To The Ground),Unknown,https://www.deezer.com/track/4603402
2026-07-31,04:28,The Beatles,Help!,Unknown,https://www.deezer.com/track/116348610
2026-07-31,04:21,Chappell Roan,Pink Pony Club,Unknown,https://www.deezer.com/track/2454854845
2026-07-31,04:16,Carly Rae Jepsen,Call Me Maybe,Unknown,https://www.deezer.com/track/16670786
2026-07-31,04:04,Cliff Richard,Congratulations,Unknown,https://www.deezer.com/track/3124130
2026-07-31,03:57,Martha and the Muffins,Echo Beach,Unknown,https://www.deezer.com/track/3345167571
2026-07-31,03:49,The O’Jays,Love Train,Unknown,https://www.deezer.com/track/13183903
2026-07-31,03:44,John Newman,Love Me Again,Unknown,https://www.deezer.com/track/71265201
2026-07-31,03:34,Chaka Khan,I Feel For You,Unknown,https://www.deezer.com/track/685227
2026-07-31,03:28,Peggy Gou,(It Goes Like) Nanana,Unknown,https://www.deezer.com/track/2297911845
2026-07-31,03:16,ABBA,Voulez-Vous,Unknown,https://www.deezer.com/track/884040
2026-07-31,02:52,Dua Lipa,Dance The Night,Unknown,https://www.deezer.com/track/2299840635
2026-07-31,02:37,George Michael,Fastlove,Unknown,https://www.deezer.com/track/8112357
2026-07-31,02:33,Emma Bunton,What Took You So Long?,Unknown,https://www.deezer.com/track/3088626
2026-07-31,02:24,Toto,Hold The Line,Unknown,https://www.deezer.com/track/1078779
2026-07-31,02:10,Junior Senior,Move Your Feet,Unknown,https://www.deezer.com/track/597208142
2026-07-31,01:56,The Real Thing,You To Me Are Everything,Unknown,https://www.deezer.com/track/568487862
2026-07-31,01:46,Eurythmics,There Must Be An Angel (Playing With My Heart),Unknown,https://www.deezer.com/track/561785
2026-07-31,01:35,Whitney Houston,Queen Of The Night,Unknown,https://www.deezer.com/track/7675407
2026-07-31,01:32,Rick Astley,Together Forever,Unknown,https://www.deezer.com/track/3786363542
2026-07-31,01:27,Sam Smith & Normani,Dancing With A Stranger,Unknown,https://www.deezer.com/track/613138092
2026-07-31,01:23,Daryl Hall & John Oates,Maneater,Unknown,https://www.deezer.com/track/569561
2026-07-31,01:16,Boston,More Than A Feeling,Unknown,https://www.deezer.com/track/84340025
2026-07-31,01:05,Rihanna,Don't Stop The Music,Unknown,https://www.deezer.com/track/925108
2026-07-31,00:58,The Byrds,Mr Tambourine Man,Unknown,https://www.deezer.com/track/1015090
2026-07-31,00:54,Johnny Marr,Spin,Unknown,https://www.deezer.com/track/4058784451
2026-07-31,00:49,Embrace,Gravity,Unknown,https://www.deezer.com/track/14615579
2026-07-31,00:22,Chicane,Don't Give Up (feat. Bryan Adams),Unknown,https://www.deezer.com/track/3543828211
2026-07-31,00:16,Alexander O’Neal,Criticize,Unknown,https://www.deezer.com/track/540138072
2026-07-31,00:07,Catatonia,Mulder And Scully,Unknown,https://www.deezer.com/track/747269
2026-07-31,00:03,Miami Sound Machine,Dr. Beat,Unknown,https://www.deezer.com/track/565038
